date	product	sku	quantity	unit_type	applied_cost_per_quantity	gross_amount	discount_amount	net_amount	organization	repository	cost_center_name
2026-09-01	actions	actions_storage	81.785650304	gigabyte-hours	0.00033602	0.027481607	0.027481607	0		CMCteams
2026-09-02	actions	actions_storage	84.798600216	gigabyte-hours	0.00033602	0.028494017	0.028494017	0		CMCteams
2026-09-03	actions	actions_storage	84.528753833	gigabyte-hours	0.00033602	0.02840334	0.02840334	0		CMCteams
2026-09-04	actions	actions_linux	88	minutes	0.006	0.528	0.528	0		CMCteams
2026-09-04	actions	actions_storage	84.141639898	gigabyte-hours	0.00033602	0.028273257	0.028273257	0		CMCteams
2026-09-05	actions	actions_linux	2705	minutes	0.006	16.23	16.23	0		CMCteams
2026-09-05	actions	actions_storage	191.552133463	gigabyte-hours	0.00033602	0.06436534	0.06436534	0		CMCteams
2026-09-06	actions	actions_linux	2301	minutes	0.006	13.806	13.806	0		CMCteams
2026-09-06	actions	actions_storage	212.178883057	gigabyte-hours	0.00033602	0.071296339	0.071296339	0		CMCteams
2026-09-07	actions	actions_linux	256	minutes	0.006	1.536	1.536	0		CMCteams
2026-09-07	actions	actions_storage	195.760893781	gigabyte-hours	0.00033602	0.065779561	0.065779561	0		CMCteams
2026-09-08	actions	actions_storage	109.086618459	gigabyte-hours	0.00033602	0.036655275	0.036655275	0		CMCteams
2026-09-09	actions	actions_storage	98.83961843	gigabyte-hours	0.00033602	0.033212072	0.033212072	0		CMCteams
2026-09-10	actions	actions_linux	2514	minutes	0.006	15.084	15.084	0		CMCteams
2026-09-10	actions	actions_storage	123.292600276	gigabyte-hours	0.00033602	0.041428768	0.041428768	0		CMCteams
2026-09-11	actions	actions_linux	41	minutes	0.006	0.246	0.246	0		clayscore
2026-09-11	actions	actions_linux	846	minutes	0.006	5.076	5.076	0		CMCteams
2026-09-11	actions	actions_storage	161.040674051	gigabyte-hours	0.00033602	0.054112874	0.054112874	0		CMCteams
2026-09-12	actions	actions_linux	3	minutes	0.006	0.018	0.018	0		clayscore
2026-09-12	actions	actions_linux	89	minutes	0.006	0.534	0.534	0		CMCteams
2026-09-12	actions	actions_storage	165.647081086	gigabyte-hours	0.00033602	0.055660717	0.055660717	0		CMCteams
2026-09-13	actions	actions_linux	70	minutes	0.006	0.42	0.42	0		CMCteams
2026-09-13	actions	actions_storage	98.492604282	gigabyte-hours	0.00033602	0.033095472	0.033095472	0		CMCteams
2026-09-14	actions	actions_storage	93.77150324	gigabyte-hours	0.00033602	0.031509083	0.031509083	0		CMCteams
2026-09-15	actions	actions_linux	1251	minutes	0.006	7.506	7.506	0		CMCteams
2026-09-15	actions	actions_storage	96.40116014	gigabyte-hours	0.00033602	0.032392706	0.032392706	0		CMCteams
2026-09-16	actions	actions_linux	1565	minutes	0.006	9.39	9.39	0		CMCteams
2026-09-16	actions	actions_storage	153.274357358	gigabyte-hours	0.00033602	0.05150324	0.05150324	0		CMCteams
2026-09-17	actions	actions_linux	3903	minutes	0.006	23.418	23.418	0		CMCteams
2026-09-17	actions	actions_storage	175.170880552	gigabyte-hours	0.00033602	0.058860907	0.058860907	0		CMCteams
2026-09-18	actions	actions_linux	960	minutes	0.006	5.76	5.76	0		CMCteams
2026-09-18	actions	actions_storage	145.787634852	gigabyte-hours	0.00033602	0.048987546	0.048987546	0		CMCteams
2026-09-19	actions	actions_linux	1721	minutes	0.006	10.326	10.326	0		CMCteams
2026-09-19	actions	actions_storage	160.295359204	gigabyte-hours	0.00033602	0.053862439	0.053862439	0		CMCteams
2026-09-20	actions	actions_storage	141.520409904	gigabyte-hours	0.00033602	0.047553684	0.047553684	0		CMCteams
2026-09-21	actions	actions_linux	39	minutes	0.006	0.234	0.234	0		CMCteams
2026-09-21	actions	actions_storage	88.030937443	gigabyte-hours	0.00033602	0.029580144	0.029580144	0		CMCteams
2026-09-22	actions	actions_linux	1088	minutes	0.006	6.528	6.528	0		CMCteams
2026-09-22	actions	actions_storage	89.203438714	gigabyte-hours	0.00033602	0.02997413	0.02997413	0		CMCteams
2026-09-23	actions	actions_linux	816	minutes	0.006	4.896	4.896	0		CMCteams
2026-09-23	actions	actions_storage	87.384927405	gigabyte-hours	0.00033602	0.029363071	0.029363071	0		CMCteams
2026-09-24	actions	actions_linux	52	minutes	0.006	0.312	0.312	0		CMCteams
2026-09-24	actions	actions_storage	52.365486339	gigabyte-hours	0.00033602	0.01759584	0.01759584	0		CMCteams
